"metric","value"
"cfi",0.985327043254767
"tli",0.978376695322814
"rmsea",0.0644573527438872
"srmr",0.0321909688419818
